{
    "0": {
        "area": 5.017760846193209e-05,
        "camera_coordinates": {
            "x": 458,
            "y": 367
        },
        "pose": {
            "position": {
                "x": 0.5643582145454021,
                "y": 0.04599898241982284,
                "z": -0.10084674670762261
            },
            "orientation": {
                "x": 0,
                "y": 0,
                "z": 0,
                "w": 1
            }
        },
        "classification": "block.stl",
        "confidence": 100.0
    },
    "1": {
        "area": 2.6015273089104174e-05,
        "camera_coordinates": {
            "x": 527,
            "y": 304
        },
        "pose": {
            "position": {
                "x": 0.6180299323805396,
                "y": -0.014177177792369142,
                "z": -0.10138683260939352
            },
            "orientation": {
                "x": 0,
                "y": 0,
                "z": 0,
                "w": 1
            }
        },
        "classification": "block.stl",
        "confidence": 100.0
    }
}