{
    "0": {
        "area": 4.402562387556541e-05,
        "camera_coordinates": {
            "x": 623,
            "y": 316
        },
        "pose": {
            "position": {
                "x": 0.6015706831138163,
                "y": -0.11779077838321088,
                "z": -0.10027063201332459
            },
            "orientation": {
                "x": 0,
                "y": 0,
                "z": 0,
                "w": 1
            }
        },
        "classification": "block.stl",
        "confidence": 100.0
    },
    "1": {
        "area": 1.1381365105304908e-05,
        "camera_coordinates": {
            "x": 549,
            "y": 204
        },
        "pose": {
            "position": {
                "x": 0.7029636897023053,
                "y": -0.041794886321539035,
                "z": -0.1003871895736475
            },
            "orientation": {
                "x": 0,
                "y": 0,
                "z": 0,
                "w": 1
            }
        },
        "classification": "block.stl",
        "confidence": 100.0
    },
    "2": {
        "area": 3.7263826074010464e-05,
        "camera_coordinates": {
            "x": 522,
            "y": 324
        },
        "pose": {
            "position": {
                "x": 0.5987204563594493,
                "y": -0.01778177542653127,
                "z": -0.10006388384198156
            },
            "orientation": {
                "x": 0,
                "y": 0,
                "z": 0,
                "w": 1
            }
        },
        "classification": "block.stl",
        "confidence": 100.0
    },
    "3": {
        "area": 3.77772514621455e-05,
        "camera_coordinates": {
            "x": 684,
            "y": 181
        },
        "pose": {
            "position": {
                "x": 0.727320041006489,
                "y": -0.18741162070767492,
                "z": -0.10074161940259974
            },
            "orientation": {
                "x": 0,
                "y": 0,
                "z": 0,
                "w": 1
            }
        },
        "classification": "block.stl",
        "confidence": 100.0
    },
    "4": {
        "area": 3.867276123994262e-05,
        "camera_coordinates": {
            "x": 464,
            "y": 325
        },
        "pose": {
            "position": {
                "x": 0.5996031397919699,
                "y": 0.03411531200014274,
                "z": -0.0999956126552618
            },
            "orientation": {
                "x": 0,
                "y": 0,
                "z": 0,
                "w": 1
            }
        },
        "classification": "block.stl",
        "confidence": 100.0
    },
    "5": {
        "area": 1.037757696686209e-05,
        "camera_coordinates": {
            "x": 446,
            "y": 203
        },
        "pose": {
            "position": {
                "x": 0.7033754223100025,
                "y": 0.05016626360806738,
                "z": -0.10019501571217743
            },
            "orientation": {
                "x": 0,
                "y": 0,
                "z": 0,
                "w": 1
            }
        },
        "classification": "block.stl",
        "confidence": 100.0
    },
    "6": {
        "area": 3.161988651004255e-05,
        "camera_coordinates": {
            "x": 595,
            "y": 295
        },
        "pose": {
            "position": {
                "x": 0.6223434060283419,
                "y": -0.08746783945100146,
                "z": -0.10028838999371736
            },
            "orientation": {
                "x": 0,
                "y": 0,
                "z": 0,
                "w": 1
            }
        },
        "classification": "block.stl",
        "confidence": 100.0
    },
    "7": {
        "area": 4.6452859915335765e-06,
        "camera_coordinates": {
            "x": 593,
            "y": 243
        },
        "pose": {
            "position": {
                "x": 0.668972465073183,
                "y": -0.08452457317762328,
                "z": -0.1003864897250456
            },
            "orientation": {
                "x": 0,
                "y": 0,
                "z": 0,
                "w": 1
            }
        },
        "classification": "block.stl",
        "confidence": 100.0
    }
}