{
    "0": {
        "area": 6.799335745943241e-06,
        "camera_coordinates": {
            "x": 345,
            "y": 41
        },
        "pose": {
            "position": {
                "x": 0.9846562447863507,
                "y": -0.04540236518227522,
                "z": -0.06343003397938596
            },
            "orientation": {
                "x": 0,
                "y": 0,
                "z": 0,
                "w": 1
            }
        },
        "classification": "block.stl",
        "confidence": 100.0
    }
}