{
    "0": {
        "area": 2.4593532951214248e-05,
        "camera_coordinates": {
            "x": 452,
            "y": 171
        },
        "pose": {
            "position": {
                "x": 0.7172993009954388,
                "y": 0.041927813283929874,
                "z": -0.10056720778083161
            },
            "orientation": {
                "x": 0,
                "y": 0,
                "z": 0,
                "w": 1
            }
        },
        "classification": "block.stl",
        "confidence": 100.0
    },
    "1": {
        "area": 1.3831828010513192e-05,
        "camera_coordinates": {
            "x": 574,
            "y": 266
        },
        "pose": {
            "position": {
                "x": 0.6351561402274231,
                "y": -0.06755978123570092,
                "z": -0.09805988587024905
            },
            "orientation": {
                "x": 0,
                "y": 0,
                "z": 0,
                "w": 1
            }
        },
        "classification": "block.stl",
        "confidence": 100.0
    },
    "2": {
        "area": 1.5477359807319208e-05,
        "camera_coordinates": {
            "x": 481,
            "y": 272
        },
        "pose": {
            "position": {
                "x": 0.6318588391775204,
                "y": 0.017837912836058567,
                "z": -0.0984719008711501
            },
            "orientation": {
                "x": 0,
                "y": 0,
                "z": 0,
                "w": 1
            }
        },
        "classification": "block.stl",
        "confidence": 100.0
    }
}